"","PC1","PC2","PC3","sampleNames","Gene.count","UMI.count","before.filter","tsne1","tsne2","tsne3","dbCluster","UMAP1","UMAP2","UmiCountPerGenes","UmiCountPerGenes2","barcode"
"AAACCTGAGACACTAA-1",0.811668664834059,-1.16054274523803,3.27005973446768,"1",109,120,14,-0.589264824954329,-1.41531620614426,8.1176207242769,"3",-0.650965636048644,-1.1865947908739,83.4159350172408,0,"AAACCTGAGACACTAA-1"
"AAACCTGAGACGACGT-1",-2.61596626500385,3.88192559794167,1.13114270031265,"1",24,36,30,2.10469051105,-5.60943252629457,-1.75637260788168,"4",-1.11924329127985,0.92499097305771,265.629515177044,0,"AAACCTGAGACGACGT-1"
"AAACCTGAGTCAAGCG-1",-2.203890422614,6.86579779169961,-2.90816650617103,"1",15,20,39,-1.2138425094188,-5.01388095566547,-1.85280103815569,"4",-2.49984791570401,-1.90998334290688,263.034405833794,0,"AAACCTGAGTCAAGCG-1"
"AAACCTGAGTCGATAA-1",-3.65215689887023,0.0432170853529086,2.27799045213036,"1",68,106,18,7.42042412145191,-0.65210964602275,-4.80424037703925,"4",-0.702286679656976,1.8940686410967,131.936607201812,0,"AAACCTGAGTCGATAA-1"
"AAACCTGAGTGGGCTA-1",4.71842417376721,0.149814150815375,-1.46171924980611,"1",70,75,33,0.716527979505247,1.31937867966807,4.93950619816952,"3",1.19960662774211,-1.66902136501684,95.0445233457456,0,"AAACCTGAGTGGGCTA-1"
"AAACCTGCAAGAAGAG-1",-0.477617332880945,1.12760027936846,3.54352505149143,"1",37,45,24,3.26094211860348,-2.25260435390621,2.25737893241054,"4",-1.49403133680668,0.408073212864175,186.218808782963,0,"AAACCTGCAAGAAGAG-1"
"AAACCTGCAGACAGGT-1",-2.53742535151283,1.97005443019175,-0.676171360425989,"1",18,23,29,1.54047619132855,-7.6275901753657,-0.767674179277212,"4",-1.2016067610267,1.73908464322703,353.755524168158,0,"AAACCTGCAGACAGGT-1"
"AAACCTGCATACAGCT-1",-1.38018538121571,4.37498806995443,-2.21699949234673,"1",26,31,36,0.386642231992282,-5.93944904066127,-1.47652976545398,"4",-2.36481401984667,-1.83704248658365,220.890396171216,0,"AAACCTGCATACAGCT-1"
"AAACCTGGTGACTACT-1",4.06904899275925,-0.0792387021947395,-0.489748483961739,"1",79,87,31,-8.15034884890409,-0.555658254544439,2.99534158912912,"3",-0.294259110726157,-2.80468770812063,65.3977232695156,0,"AAACCTGGTGACTACT-1"
"AAACCTGGTGTGACCC-1",-2.54125469494177,1.04611970133985,0.919961108948324,"1",48,60,18,5.01949821032933,-0.49151718997331,-5.60890734277496,"1",1.48197951388934,2.20844796310911,235.39008533951,0,"AAACCTGGTGTGACCC-1"
"AAACCTGGTTCCGTCT-1",2.42471728946994,0.701999491425311,0.504406772875281,"1",89,101,20,-2.17883960448072,3.19674054224785,4.68280004559268,"3",-1.49644895185013,-0.377272483495493,139.417943622809,0,"AAACCTGGTTCCGTCT-1"
"AAACCTGGTTGTCGCG-1",2.17763475584105,2.53108252107332,-1.479569761336,"1",56,66,24,-3.88909525560861,1.07038687041642,2.74690643264296,"4",-1.74390430176638,-2.54677468175809,147.225953183178,0,"AAACCTGGTTGTCGCG-1"
"AAACCTGTCAGGTTCA-1",4.88196557475546,0.206710011969449,-1.4154217471894,"1",71,77,32,-8.1068768984151,1.22920304749404,4.80125460099435,"3",-1.6195476837623,-2.53999656124913,90.7654639231822,0,"AAACCTGTCAGGTTCA-1"
"AAACCTGTCCCTCAGT-1",3.82269932334995,-4.45412392246614,4.42273895457361,"1",92,100,18,-0.268262725824901,-2.29525738500828,11.8825551069297,"2",1.04489119299745,-0.897590352951513,0,0,"AAACCTGTCCCTCAGT-1"
"AAACCTGTCGCCTGAG-1",-2.54945562913251,-2.49502042756888,-0.561245590723614,"1",86,107,15,2.108597322107,1.85417260420048,-8.79081704690296,"1",0.279929905904654,1.76688602192732,145.196387075235,0,"AAACCTGTCGCCTGAG-1"
"AAACCTGTCTCTAAGG-1",4.25563882369811,0.957148474575024,2.14000917717982,"1",66,73,37,0.756859514469096,4.55257744503949,3.6666710957508,"3",0.528989647901965,-2.34129944786705,116.725892928365,0,"AAACCTGTCTCTAAGG-1"
"AAACGGGAGCAGCCTC-1",4.51066926545868,-0.52556962350602,-0.808169554516942,"1",76,80,39,-2.11309854254883,4.37957292645218,4.19078608555345,"3",0.0127044604218089,-2.76399618384346,71.0332444568248,0,"AAACGGGAGCAGCCTC-1"
"AAACGGGAGCTAGCCC-1",3.35306394279154,0.14028852438773,1.69790246461482,"1",92,101,25,-1.23475086745447,2.86048355145393,8.26788338078363,"3",-1.01856286503574,-2.37863965287639,83.9228310311054,0,"AAACGGGAGCTAGCCC-1"
"AAACGGGCATTCCTGC-1",2.22143113873484,-3.51020971854061,6.04456783849364,"1",74,77,17,1.09583142538594,-4.90420039811097,11.0213560880442,"2",0.472599358862532,-0.426674046235611,36.9942074822016,0,"AAACGGGCATTCCTGC-1"
"AAACGGGGTAAGTTCC-1",2.02011407905576,-1.66288669679331,2.26472790671758,"1",96,103,16,0.458700180606408,-2.82945579982076,6.65386881569693,"2",0.885577963152288,-0.857243623094081,27.7449904829042,0,"AAACGGGGTAAGTTCC-1"
"AAACGGGGTCTAGCCG-1",4.22130694807114,-4.78737275224636,2.02506197044958,"1",45,47,38,2.64568268460935,4.54108366673219,6.49448281059009,"3",0.969032472289222,-0.84871899845299,30.3736490435187,0,"AAACGGGGTCTAGCCG-1"
"AAACGGGTCATAAAGG-1",2.17643111123985,0.210070857712698,-0.139064198835486,"1",81,89,35,-0.630329662265899,0.0524192474780034,3.90225003056231,"3",0.792081129765364,-1.60095295505159,32.239330726554,0,"AAACGGGTCATAAAGG-1"
"AAACGGGTCATCTGCC-1",2.08205515628496,-0.85476206831473,3.17193707576426,"1",94,97,17,-0.744162876376873,-1.11466231881988,9.34223223733846,"2",0.619143183827897,-0.790016748383184,44.3910057842415,0,"AAACGGGTCATCTGCC-1"
"AAACGGGTCATTGCCC-1",-0.643592719242789,3.64349228976942,1.63361567415451,"1",23,29,33,1.95813376971615,-8.152040401062,-2.58336225748217,"4",-1.87785862131271,-0.177925646894939,190.928605353374,0,"AAACGGGTCATTGCCC-1"
"AAACGGGTCGCCGTGA-1",-3.90458803018802,-1.60707912463782,-0.655780405505606,"1",56,86,13,3.31539006649275,4.8961119129534,-10.2481203246681,"1",2.52583591398231,3.44068361019038,335.455463583107,0,"AAACGGGTCGCCGTGA-1"
"AAAGATGAGTGTCCAT-1",3.57061723299109,-2.54718668628497,-1.19796553754826,"1",37,40,32,-0.829889460270615,3.66242515809136,10.0981492066713,"3",-0.309271632763008,-0.028213258920236,71.2478194614424,0,"AAAGATGAGTGTCCAT-1"
"AAAGATGCAACACGCC-1",-4.93910294259124,1.31913427616076,3.06740201123466,"1",36,59,18,8.09606434013758,-2.03499482241764,-5.35570875992857,"4",-1.04482268038497,2.48436805752611,326.578107727361,0,"AAAGATGCAACACGCC-1"
"AAAGATGCACACTGCG-1",2.72473567348409,0.0731027559309346,-4.12427871475842,"1",58,59,39,-7.96315070853184,4.90500846937025,0.591985005431819,"4",0.88373046903185,-0.932417090476768,24.2475462466772,0,"AAAGATGCACACTGCG-1"
"AAAGATGCAGCTGTAT-1",3.49302948740627,-0.993817343112824,1.71889924917942,"1",73,80,37,-2.12689023539016,2.02091990478177,7.298129840728,"3",0.875941675759679,-1.97197232119274,53.5458177279835,0,"AAAGATGCAGCTGTAT-1"
"AAAGATGGTCGCCATG-1",2.98307324899005,-0.504023381100717,-0.262808561423659,"1",56,58,36,-6.46437212336461,2.8051744269916,8.5286957833698,"3",0.279970338390258,-0.11181548521198,73.9861627028071,0,"AAAGATGGTCGCCATG-1"
"AAAGATGGTTGAACTC-1",1.651610059538,1.33476772160148,0.831325930649441,"1",77,84,33,0.399495884933249,-0.136566823736645,2.88373264636378,"3",-0.778914249920097,-0.286758557427627,84.5734049933057,0,"AAAGATGGTTGAACTC-1"
"AAAGATGTCACTTACT-1",3.80703139364279,-1.24394343647928,0.483601560806335,"1",107,116,30,-1.70318822324714,0.321375720441613,6.92587969159182,"3",0.00182626506937789,-2.46766872490036,61.4988224146406,0,"AAAGATGTCACTTACT-1"
"AAAGATGTCTACCTGC-1",4.90721719668155,-9.00684198180328,13.3218211725181,"1",61,78,18,0.684820709777296,-4.64917285053084,12.5637512336168,"2",0.995346795809732,-1.23161946345967,54.4477840223765,0,"AAAGATGTCTACCTGC-1"
"AAAGATGTCTATCCTA-1",2.4532948307725,2.3315567633445,-1.94566051579583,"1",87,102,24,-5.77867861048998,-0.622298060759059,2.98346311814952,"3",-1.36885058667896,-1.98688773658841,69.5702978034265,0,"AAAGATGTCTATCCTA-1"
"AAAGCAAAGGCTAGCA-1",-7.13698713739544,-1.06524662980611,-0.339973874647157,"1",29,52,16,7.4369358782295,-1.50656758089665,-9.56681271333017,"4",1.90057423079838,3.09352742689872,502.488826544478,0,"AAAGCAAAGGCTAGCA-1"
"AAAGCAAAGGGTATCG-1",-5.92740827372578,1.10563063548329,2.82608819883686,"1",49,71,16,9.18406168750752,-2.24855650318815,-5.58336230725624,"4",-0.697952912472011,2.11542912603131,138.257833314238,0,"AAAGCAAAGGGTATCG-1"
"AAAGCAACACAGAGGT-1",2.28171256009688,0.659477565315135,-3.30486312080208,"1",73,82,27,-8.1525147954109,1.21691664867911,0.470769321601615,"3",-1.88737313566956,-1.75165951730399,120.366344688327,0,"AAAGCAACACAGAGGT-1"
"AAAGCAACACATTAGC-1",1.4621137582591,-4.17280808790203,4.8030231033156,"1",74,81,19,0.6837337265459,-3.9889824899996,10.8909301113527,"2",0.510465232240402,-0.682648507581977,52.4674198941355,0,"AAAGCAACACATTAGC-1"
"AAAGCAACACGCGAAA-1",3.10707297844899,1.41840350726865,-0.298635736255783,"1",63,67,33,-7.81487300742487,-1.01715991128247,2.46003384872501,"3",-1.48180374444761,-2.73069854497623,125.209461777107,0,"AAAGCAACACGCGAAA-1"
"AAAGCAACATTCACTT-1",2.51242782565083,0.131232251022941,-4.47739426706905,"1",53,62,30,-8.58566635197441,2.42766510763568,6.84028679140235,"3",-0.633718585557653,-2.33155153644376,113.281422084619,0,"AAAGCAACATTCACTT-1"
"AAAGCAAGTAGCGTCC-1",-4.82599510449168,-3.78254029804889,1.07897372024434,"1",63,76,13,0.096382048149427,4.48824543533583,-7.27110542084002,"1",0.0370065315821821,1.31948946730362,129.640543943671,0,"AAAGCAAGTAGCGTCC-1"
"AAAGCAAGTCTAGCCG-1",-5.44780897778629,1.79672440368392,1.67221142422119,"1",36,53,18,7.5631389256476,-2.32526026496722,-6.44845762411353,"4",-0.707863711065317,2.21834799426318,158.86893498881,0,"AAAGCAAGTCTAGCCG-1"
"AAAGCAATCCACTCCA-1",-5.26825391974564,-1.01237573439482,-1.1542848820402,"1",62,106,13,5.44517987491391,1.36127910299025,-10.9835812015122,"1",1.94525016627456,2.95486399699081,366.855692397807,0,"AAAGCAATCCACTCCA-1"
"AAAGCAATCTAACTGG-1",-6.45658983694652,0.448493519361358,2.19993770641777,"1",41,65,15,9.21113915725643,-1.04468241771335,-6.64867839732809,"4",-1.0887807179681,2.40110020036816,254.578080403447,0,"AAAGCAATCTAACTGG-1"
"AAAGCAATCTGCGACG-1",2.98902650944337,1.89870302281175,-4.22575895390626,"1",54,61,32,-6.42441952004086,4.43825314531142,3.27212739301768,"4",0.114454618199543,-2.61198672996855,91.6304754655683,0,"AAAGCAATCTGCGACG-1"
"AAAGCAATCTTGGGTA-1",4.44647060487117,0.00929683215889788,-0.139402735025793,"1",74,75,31,-0.103529955195575,3.08287458534477,8.09261493761825,"3",-0.331297153042117,-1.61568770604039,19.1088229477047,0,"AAAGCAATCTTGGGTA-1"
"AAAGTAGAGAAGAAGC-1",0.567981641022953,-6.34105647800794,3.86645656172584,"1",84,95,16,-1.34343659520126,-5.02182523857827,10.9711618526522,"2",0.236914901232329,-0.72416509166994,30.0572338561799,0,"AAAGTAGAGAAGAAGC-1"
"AAAGTAGAGATAGCAT-1",2.40994414503373,-0.677221072262667,-1.85306687311809,"1",59,73,26,-8.39824588367319,1.79251734185307,7.18992960024392,"3",-0.51657992997951,-2.3481138930934,135.584920179681,0,"AAAGTAGAGATAGCAT-1"
"AAAGTAGAGTTGAGTA-1",-1.8115381999452,-0.790573425119908,-0.857400663937788,"1",62,86,17,3.36255105770618,3.56314560606471,-7.12773276277001,"1",1.81765940281486,2.58205640918414,340.852544233036,0,"AAAGTAGAGTTGAGTA-1"
"AAAGTAGCAACTGCGC-1",3.11912086599155,-0.161340258990578,0.494530915123611,"1",86,89,32,-0.791879122084033,2.04805899395229,7.7087790958617,"3",0.674854064036635,-2.0682973993469,48.358996089831,0,"AAAGTAGCAACTGCGC-1"
"AAAGTAGCAGAGCCAA-1",-3.01786540209891,4.19330512195623,-1.87364475545279,"1",19,23,27,0.503266276767432,-6.82781970456707,-2.96845542694741,"4",-0.972058791368217,-0.0630774135889696,181.694778381855,0,"AAAGTAGCAGAGCCAA-1"
"AAAGTAGCATTGTGCA-1",-2.08958860344868,-0.584885534952615,-0.323857152072659,"1",98,120,14,3.28907265253422,2.84463075389098,-8.20965316917776,"1",1.27204443972808,2.33864564100955,188.084370561153,0,"AAAGTAGCATTGTGCA-1"
"AAAGTAGGTATTCTCT-1",1.48493395242565,-1.19603827015849,3.30536979905352,"1",68,78,22,-0.391172235741304,-3.93657395143103,8.77623030989804,"2",-1.46865991940346,-0.178100060417993,109.352189362345,0,"AAAGTAGGTATTCTCT-1"
"AAAGTAGGTCGCCATG-1",-2.30579666872942,0.138606964919077,0.25638130985675,"1",53,73,13,1.08939089881882,0.393729394107456,-7.50163690627654,"4",0.435416857265899,1.45764050384625,173.565923213959,0,"AAAGTAGGTCGCCATG-1"
"AAAGTAGTCAATACCG-1",-3.43007507341674,-3.56743235512181,0.785187362238418,"1",46,55,3,3.6750454678929,3.81568652375461,-13.5911754155111,"1",1.07977283127366,2.28797373648908,205.677091416021,0,"AAAGTAGTCAATACCG-1"
"AAAGTAGTCACCGGGT-1",3.15994547481095,0.751421726788627,-1.20754061365349,"1",70,78,37,-8.52351248447772,1.49666844980109,3.30252692128319,"3",-2.03096868256679,-2.24595097207687,142.367246590308,0,"AAAGTAGTCACCGGGT-1"
"AAAGTAGTCCAAGCCG-1",1.55801515158592,1.19246497909171,-4.22566060544307,"1",56,62,29,-8.10065015351061,1.12413263297712,0.0343393614767815,"3",-0.347196092531006,-2.85390698481532,68.1715026415792,0,"AAAGTAGTCCAAGCCG-1"
"AAAGTAGTCCAGAGGA-1",-4.56168382295389,-1.40614314824285,-0.681532027483882,"1",78,109,15,3.82814995068484,2.88267594942674,-11.7939679205946,"1",1.79896691406364,2.87617069954165,268.985105419804,0,"AAAGTAGTCCAGAGGA-1"
"AAAGTAGTCGTGGTCG-1",2.54989284249717,-1.57928284543221,1.86181781991467,"1",80,93,22,-1.86576927126147,-4.18077899560835,8.73970534949729,"2",0.223309120899354,-1.9271483725847,46.1268377925224,0,"AAAGTAGTCGTGGTCG-1"
"AAAGTAGTCTATGTGG-1",-4.40829422773793,-2.00114004678328,-1.1509336079594,"1",51,87,13,3.90911848272732,1.50798357004164,-10.7472972097072,"1",2.73249481756241,3.46790582967281,425.538712100163,0,"AAAGTAGTCTATGTGG-1"
"AAAGTAGTCTGAAAGA-1",-1.06931969721284,3.46665549060512,-1.24531749794133,"1",27,32,21,-1.16658527130856,-1.39301812697462,-0.6052147375032,"4",-0.710470525004979,-1.42126093873497,88.7882387169069,0,"AAAGTAGTCTGAAAGA-1"
"AAATGCCAGGCGCTCT-1",3.57168012710647,2.0340346249818,-2.59339207591125,"1",48,52,27,-0.491583442472297,6.12155840227923,2.48138735574374,"3",0.0478857177368064,-1.69054399369504,54.9614728442138,0,"AAATGCCAGGCGCTCT-1"
"AAATGCCCACTGTTAG-1",-4.47061048663604,1.1214629216723,0.183451815102595,"1",54,71,15,6.61234827041353,-0.293085979738816,-7.24100746392882,"1",-0.759233731128064,2.18042743137082,197.429846867732,0,"AAATGCCCACTGTTAG-1"
"AAATGCCCAGGATTGG-1",-4.85231843183553,-2.51511368788304,-2.23264936987893,"1",68,110,14,3.9840852701221,1.28699030567194,-11.9490148782911,"1",2.68165088520496,3.59631859037188,421.391505419358,0,"AAATGCCCAGGATTGG-1"
"AAATGCCCAGTCACTA-1",2.59728378574558,-4.24328459663419,1.11687961227163,"1",81,89,22,-2.62958763758412,0.328155239774846,8.99642649014809,"3",0.724263770708416,-0.440335147559872,32.0612092322986,0,"AAATGCCCAGTCACTA-1"
"AAATGCCCAGTCCTTC-1",-1.73092679773196,-1.99018912191071,0.364722090330093,"1",101,118,14,2.05695300212972,2.00499376946623,-7.89938818198214,"1",-0.361607288427674,0.594076728953553,132.315172070648,0,"AAATGCCCAGTCCTTC-1"
"AAATGCCCATACTACG-1",2.00527022382523,-0.601516705941497,-1.22439230057636,"1",72,82,28,-3.39414251833004,3.47562463396182,4.4832314124009,"4",-1.04582853628297,-0.522284699507226,154.91292689687,0,"AAATGCCCATACTACG-1"
"AAATGCCCATAGAAAC-1",-6.62209887360714,1.37502731769329,3.12519330624114,"1",31,45,15,8.58687220437678,-2.96454991555125,-6.79409673158852,"4",-0.69909102963319,2.64797651971195,339.557112911832,0,"AAATGCCCATAGAAAC-1"
"AAATGCCGTATATGGA-1",-1.53796666954786,3.82114759615004,1.47720609483502,"1",21,24,28,3.25994371515004,-4.80264187983748,-1.41822900710347,"4",-1.10137542234384,0.668114861852851,174.370906473505,0,"AAATGCCGTATATGGA-1"
"AAATGCCGTCTCCATC-1",4.37061034688,0.518199873991541,-2.60313967915011,"1",61,69,38,-10.0456708755651,-1.0946022537146,3.87909655250129,"3",-0.719674505577954,-1.66797996766053,82.1591048309408,0,"AAATGCCGTCTCCATC-1"
"AAATGCCGTTACGCGC-1",-4.41089097802475,-1.75231421768333,-0.964767887051186,"1",64,115,14,6.14253639034993,3.83176476098308,-11.2880140956762,"1",2.64680367075355,3.94317718673538,494.971666274065,0,"AAATGCCGTTACGCGC-1"
"AAATGCCGTTATGTGC-1",3.54077308290595,0.866396517278293,3.06423262153906,"1",47,59,22,2.23605266252731,-0.051549383697329,4.23694831177111,"3",-0.196528394661811,-0.535587912037534,166.190135163109,0,"AAATGCCGTTATGTGC-1"
"AAATGCCTCCAAGCCG-1",-3.77150593528352,-0.473769843914344,-0.450702803377859,"1",45,91,4,5.47635524928292,2.97475433466578,-10.4837351719086,"1",2.8488779740516,4.04838389317797,653.94218626569,0,"AAATGCCTCCAAGCCG-1"
"AAATGCCTCGGCATCG-1",-4.18018366584163,1.09359881545043,1.50764091983809,"1",53,77,17,7.19044301704357,-1.34992601052259,-5.43099615083511,"4",-0.954422902175587,2.52542595820455,199.519297048262,0,"AAATGCCTCGGCATCG-1"
"AAATGCCTCTACCTGC-1",1.2245900585882,6.05956776525072,-4.44409038619182,"1",24,26,31,-2.78421321706861,-0.470215189338477,-0.882341977857179,"4",-1.37692395892226,-1.72899181571847,161.362987938888,0,"AAATGCCTCTACCTGC-1"
"AACACGTAGGACACCA-1",-1.02070788793897,4.41730254880072,-2.38890295697638,"1",13,18,35,0.355949718757076,-6.94744466258364,-1.77600219962591,"4",-1.97325177468811,-1.85383284335807,222.392421336448,0,"AACACGTAGGACACCA-1"
"AACACGTAGTGGGATC-1",4.51842218007156,-2.04650976910332,1.96519047208369,"1",96,103,28,-0.373065840690175,-0.589481839085774,10.582618287585,"2",-0.309994939670123,-1.50703721532143,69.5625633565256,0,"AACACGTAGTGGGATC-1"
"AACACGTCAAACGCGA-1",0.789820368009322,0.51088622881199,-0.836882868138727,"1",60,72,27,-6.24235986138874,0.22786878599044,1.2443593682562,"3",-0.247944699664363,0.434141227845169,137.686935544842,0,"AACACGTCAAACGCGA-1"
"AACACGTCAAGTCTAC-1",-5.19096621693771,-2.86318596492962,-1.77362016991728,"1",44,62,16,7.73591731772806,3.54006069356268,-11.9226231960699,"1",2.27615459044336,3.16256129817283,312.388252688273,0,"AACACGTCAAGTCTAC-1"
"AACACGTCAGCATGAG-1",2.26354667039437,-0.338817683832692,1.16717785102756,"1",86,88,30,-1.95190498950412,1.75082691369417,6.27795805858037,"3",0.72151970776358,-1.51031522031626,97.4465800429561,0,"AACACGTCAGCATGAG-1"
"AACACGTCAGCTCCGA-1",0.85152618725986,1.87695928139718,0.902086470187103,"1",37,44,35,-6.27510139803491,6.93971446283472,6.81736814334507,"4",-0.21206026718981,-0.522918659295625,96.551815112093,0,"AACACGTCAGCTCCGA-1"
"AACACGTGTTCATGGT-1",1.9402429263087,-0.179528313652687,0.670651885476656,"1",98,107,29,-0.788134326543143,-0.504223036288593,5.52362745116974,"3",-0.0226871957199863,-1.38046934919734,53.4346767515588,0,"AACACGTGTTCATGGT-1"
"AACACGTTCGTACCGG-1",2.9589213325273,-2.18966085753366,3.23749534552803,"1",128,136,19,-0.645506617123106,-2.27412427852798,9.32332736174239,"2",0.690019889263531,-1.2340952189396,42.0474731833552,0,"AACACGTTCGTACCGG-1"
"AACCATGAGACGCACA-1",3.06830306881624,-1.20660428885589,2.12499648217346,"1",96,111,21,-1.86872175565044,-1.81810942779032,9.27121423428107,"2",-1.39611185067358,-0.799835742676616,140.06931326243,0,"AACCATGAGACGCACA-1"
"AACCATGAGATCGGGT-1",-5.33416650837945,0.233828231370936,-1.34294812683432,"1",27,42,20,5.49998574293364,-1.2931197039312,-9.86403078289785,"4",2.34914607372083,3.388157680728,458.025863272006,0,"AACCATGAGATCGGGT-1"
"AACCATGAGATGAGAG-1",-2.74261306472623,-1.68820569669087,-1.13370186492937,"1",93,121,19,1.48713526803901,3.76211248430278,-8.54171029266846,"1",-0.0206043030447094,1.57051660426827,185.950991494289,0,"AACCATGAGATGAGAG-1"
"AACCATGAGCATCATC-1",3.92891474107342,2.16039357925938,-6.37274711159826,"1",43,51,31,-9.28185238367002,4.26220991292815,0.22114388755895,"3",-1.77003250399474,-2.54380343062687,162.943956255705,0,"AACCATGAGCATCATC-1"
"AACCATGAGCGTCTAT-1",0.695083106388926,-1.03133354496599,3.83258316946346,"1",98,113,20,-0.0941418631458895,-3.71959088844006,7.40616813870654,"2",0.509688494723378,-0.0160921435348198,50.5130844619385,0,"AACCATGAGCGTCTAT-1"
"AACCATGAGTCAAGCG-1",5.7033339312372,-3.92541852401189,-1.09094372140729,"1",58,59,31,-5.13655283857374,6.05588162814656,7.71988639364552,"3",-0.269912391700218,-1.01263830448564,24.2475462466772,0,"AACCATGAGTCAAGCG-1"
"AACCATGCAGGTGCCT-1",1.21263054652887,0.194455256216934,-0.651488012745218,"1",86,90,33,-2.26872509773325,1.78446014791854,4.81701565374183,"3",0.606032935542821,-2.09410270092061,31.883087738043,0,"AACCATGCAGGTGCCT-1"
"AACCATGCATGCATGT-1",-1.15994214854523,4.70715258823749,0.376948163627225,"1",14,18,38,1.38549222994014,-7.69361014044024,-2.28392129495849,"4",-1.13665422228847,0.0359720268666057,156.005024002546,0,"AACCATGCATGCATGT-1"
"AACCATGCATGGAATA-1",-4.52415551872317,0.443886374848664,1.79236959224515,"1",51,66,15,8.24614803235738,-0.445977899550524,-6.25144702588371,"4",-1.00481108341091,2.32306689847395,169.483337565944,0,"AACCATGCATGGAATA-1"
"AACCATGGTACTTAGC-1",2.92821748151605,-2.26075808691636,-0.577627962138011,"1",66,67,36,-3.78812494839799,1.84620720454754,7.34316033016735,"3",0.388772683120876,-1.64470607894995,21.373650792567,0,"AACCATGGTACTTAGC-1"
"AACCATGGTAGAAGGA-1",0.094216246816702,4.62783352607629,-2.84712920633351,"1",13,17,32,-0.62847819347386,-6.32828304129289,-2.07408888198904,"4",-1.12273553695561,-2.66409512182204,160.464672193246,0,"AACCATGGTAGAAGGA-1"
"AACCATGGTCATCGGC-1",-1.72374341917901,2.20256979318728,-1.04723065969614,"1",29,38,24,-0.577234644974446,-0.677108807839241,-6.45893975730013,"3",-2.28445184535917,-2.02931824048417,243.925582886089,0,"AACCATGGTCATCGGC-1"
"AACCATGGTCGAGATG-1",4.63879781472932,-0.748119740874076,0.0659773092995707,"1",89,90,35,-2.85086519216967,4.88234460345947,5.95947723588904,"3",0.026941888987174,-1.52028147626234,31.883087738043,0,"AACCATGGTCGAGATG-1"
"AACCATGGTGATAAGT-1",-5.42005196809718,1.95289009002194,1.15132891601979,"1",24,30,22,6.32395877236849,-3.68729953973119,-6.71850100066843,"4",-0.557152978393291,2.39699859732436,184.809238528292,0,"AACCATGGTGATAAGT-1"
"AACCATGGTTCGCTAA-1",-0.937935001157188,5.42023788025811,-2.53106780207172,"1",19,25,30,0.487123243500798,-8.02491247466988,-3.90569231030253,"4",-2.3401647892442,-1.91675485727503,319.617934200161,0,"AACCATGGTTCGCTAA-1"
"AACCATGTCAATCTCT-1",4.05082267212341,-1.36033374926897,1.08202071119219,"1",76,80,37,-1.32543197240316,5.28713675773104,5.85949977086954,"3",-0.541231189433197,-1.12727333322224,124.579062184808,0,"AACCATGTCAATCTCT-1"
"AACCATGTCCTTGGTC-1",-3.76896872960836,-1.20073079632257,1.32933952739487,"1",67,85,13,5.98044396017794,4.37251393690027,-8.95380856944197,"4",1.203302917437,1.69160300691418,248.88602001986,0,"AACCATGTCCTTGGTC-1"
"AACCATGTCGGCGGTT-1",-6.72074603081259,0.549159518027944,2.30676252438587,"test2",29,48,18,8.65564092513738,-2.42600279429719,-7.50647630684245,"4",-0.789846077055377,2.29775078446826,169.925001442312,0,"AACCATGTCGGCGGTT-1"
"AACCGCGAGCAGGCTA-1",3.46101495627302,-3.44396665360039,5.80473972169585,"test2",85,92,18,1.16601519895781,-2.43415163329338,9.34190560521998,"3",0.177747925600987,-0.966045011347635,31.0268956206246,0,"AACCGCGAGCAGGCTA-1"
"AACCGCGAGGTGCTAG-1",3.25861737931118,4.87145367400289,-5.19674700636717,"test2",50,61,22,-6.18664494183663,-2.29157798100567,1.37646214347437,"3",-1.46773658619776,-2.14981951583238,91.6304754655683,0,"AACCGCGAGGTGCTAG-1"
"AACCGCGAGTGGGATC-1",1.21526695767068,-1.32265910888453,2.35183826239461,"test2",70,81,24,0.90657819998747,0.980617361958646,6.70885976973843,"3",-0.147397591989763,0.482422585880812,104.730361715377,0,"AACCGCGAGTGGGATC-1"
"AACCGCGCAAGGACTG-1",-1.26863863780618,0.424211423874078,2.69433356700171,"test2",49,62,15,3.52278613196744,-1.59046549517958,1.25180926577419,"2",0.138961939148631,1.37363495627163,133.266530863464,0,"AACCGCGCAAGGACTG-1"
"AACCGCGGTATTACCG-1",-0.9198603011014,7.30486536392176,0.0072606782566215,"test2",19,22,31,0.944972489501816,-9.36858987637122,-3.48472986693402,"4",-1.82788763289747,-0.427470042417908,248.554908557143,0,"AACCGCGGTATTACCG-1"
"AACCGCGGTCGAAAGC-1",1.15389493566439,-1.12664256907223,1.8137425561256,"test2",83,92,14,-1.37432287759727,-2.51776993749549,7.1624443691053,"3",-0.346237848903307,0.0180621520118334,92.4274402847679,0,"AACCGCGGTCGAAAGC-1"
"AACCGCGGTCTCGTTC-1",-3.11318659677715,-0.588033578807774,0.995627103502887,"test2",80,100,14,4.09327091584824,1.17055126314528,-7.95939449460202,"1",0.556034559146738,1.68894824026033,142.152310948702,0,"AACCGCGGTCTCGTTC-1"
"AACCGCGGTTGAGTTC-1",5.12270548537596,1.52360760995621,0.589007445509946,"test2",71,73,34,1.15256682952783,2.34474700542607,2.85611057076157,"3",0.405828358021609,-1.37267526958851,39.2576134978653,0,"AACCGCGGTTGAGTTC-1"
"AACCGCGTCACCACCT-1",4.10856313918917,-1.58732976887798,0.441539459568538,"test2",68,71,30,-1.20192093144691,3.09312337110214,9.0298541225544,"3",0.444020266664657,-1.17565736145582,60.5336458128908,0,"AACCGCGTCACCACCT-1"
"AACCGCGTCTGGGCCA-1",2.42025446226426,-2.01462167632376,2.25168501159454,"test2",108,124,13,-0.873904643149207,-3.69423382067414,9.19977871900289,"2",0.222414471443932,-0.36479750178816,57.6643249357143,0,"AACCGCGTCTGGGCCA-1"
"AACCGCGTCTTGGGTA-1",3.32324222361101,-0.986144839258076,-2.13909302603598,"test2",105,109,38,-3.36916202607213,4.41725186634156,6.49937064539421,"3",-0.556980038652059,-1.71402938674946,65.5213747761442,0,"AACCGCGTCTTGGGTA-1"
"AACCGCGTCTTTCCTC-1",2.49287281236962,-0.756458431281421,-1.51192801652387,"test2",74,76,30,-3.28103550889626,1.94010571392642,6.2834425820816,"3",0.709445596557194,-1.25221287402566,56.5770817539473,0,"AACCGCGTCTTTCCTC-1"
"AACGTTGAGAACTGTA-1",-1.91069664374984,-2.83792373943471,-1.56535480296433,"test2",101,121,15,3.56757150415584,4.62409203579999,-7.51800721130165,"1",0.647126880646475,1.44374225412259,176.003879837376,0,"AACGTTGAGAACTGTA-1"
"AACGTTGAGAGCTTCT-1",2.06417431745727,0.0684878372241575,-0.554721747156866,"test2",77,83,30,-10.0248067801225,1.64250832009023,1.3845117421048,"3",-1.02112710650756,-1.01953415169213,85.1820559336389,0,"AACGTTGAGAGCTTCT-1"
"AACGTTGAGTGGGATC-1",2.42255071341368,0.825093055980945,-0.358308911188826,"test2",75,81,33,-3.80580198808151,0.931011609314016,5.90737883779277,"3",-1.524785830391,-1.29959806509067,104.730361715377,0,"AACGTTGAGTGGGATC-1"
"AACGTTGCACTATCTT-1",5.1298957752519,-1.08301495405127,0.375739628571586,"test2",89,92,34,-0.840463453901472,1.56053748420215,6.586564822935,"3",0.522897020117923,-1.66675762329513,31.1937101020372,0,"AACGTTGCACTATCTT-1"
"AACGTTGCATCTATGG-1",5.10163104877686,0.87179682704329,-2.93162103560668,"test2",81,87,36,-6.49206734498805,-0.751432401420645,3.26172764503539,"3",0.0416689085147417,-2.24566491884166,48.9096004809465,0,"AACGTTGCATCTATGG-1"
"AACGTTGCATGAACCT-1",-5.63490376350329,0.543703562811577,3.19507557001254,"test2",38,55,16,8.61386734000937,-1.72010103149252,-6.21931423681931,"4",-0.878058959365532,2.61517074932553,328.615395776996,0,"AACGTTGCATGAACCT-1"
"AACGTTGCATTATCTC-1",-5.99950518909658,0.437166607375344,0.215181533133186,"test2",33,82,14,6.82747835871175,0.0462529383580337,-8.98921354969634,"1",2.87282673453083,4.06272349721712,650.81048521046,0,"AACGTTGCATTATCTC-1"
"AACGTTGGTAACGTTC-1",-4.42710942329824,0.86629106786536,0.581608132355645,"test2",38,62,16,5.46710200447246,-0.356174357907512,-7.61770797369371,"1",2.53711594593973,3.75511695191637,484.855448693039,0,"AACGTTGGTAACGTTC-1"
"AACGTTGGTATCACCA-1",2.02449519423592,1.92700126626377,-0.518898046615057,"test2",58,61,33,-7.24109439035309,-0.638585232268431,1.6579776123943,"3",0.435442283232606,-1.83557695162918,46.9179456479779,0,"AACGTTGGTATCACCA-1"
"AACGTTGGTCGGCATC-1",4.9231997870805,-2.52927389758558,2.31021351411865,"test2",81,83,37,1.62399111688331,2.55629734251039,7.92731996158689,"3",0.616083838675328,-1.46527991341079,51.8339742955063,0,"AACGTTGGTCGGCATC-1"
"AACGTTGTCCGTACAA-1",1.69162571969612,2.62908321611362,-2.82347005050614,"test2",71,77,24,-2.1479518654789,0.0472825602308931,-0.0641313478534091,"3",-1.39906881276123,-1.62820947254912,109.381142090529,0,"AACGTTGTCCGTACAA-1"
"AACGTTGTCGTTACAG-1",2.92456205934511,-0.226917219073213,0.590965030455395,"test2",73,79,30,-0.0326907203031739,1.64283250001143,2.82175940990162,"3",-0.79258304242273,-1.80122248142766,53.7712564409807,0,"AACGTTGTCGTTACAG-1"
"AACTCAGAGAATTCCC-1",4.6530047602335,-0.447894518534821,-0.0658228847758277,"test2",72,75,33,-9.43600388893856,0.378393313609348,2.23139066483123,"3",-0.0314201412242148,-1.54817696743202,57.0766731467252,0,"AACTCAGAGAATTCCC-1"
"AACTCAGAGGACCACA-1",-4.68808029039204,-1.11503753617552,-0.783125508556525,"test2",48,83,8,5.7362163250292,1.94033497114384,-9.7337717466317,"1",2.0505239363761,3.1488373011139,465.995463046413,0,"AACTCAGAGGACCACA-1"
"AACTCAGAGGGCTCTC-1",-2.91243298118565,-1.00872308079248,-0.806453311006374,"test2",79,125,13,4.29625339864621,3.56591997426917,-7.82111935130033,"1",2.13127673742826,3.05363856728962,309.861699465502,0,"AACTCAGAGGGCTCTC-1"
"AACTCAGAGGGTCTCC-1",-2.91695816194674,-0.990234433142647,0.413540200063299,"test2",99,112,17,3.3628908577241,1.5923864312022,-8.42039005603301,"1",0.67645849021508,0.344264640247519,114.740405208183,0,"AACTCAGAGGGTCTCC-1"
"AACTCAGAGGTGTGGT-1",-5.84846895184761,0.817815830197121,0.441242768721822,"test2",39,53,11,7.00344878789488,-1.66509716599345,-7.85582245680014,"4",-0.134523545358878,2.01257399584042,132.873726455865,0,"AACTCAGAGGTGTGGT-1"
"AACTCAGAGTACGCGA-1",-3.0589238136793,-1.87488677748936,8.83718697024577,"test2",37,44,14,1.48636072198572,-6.16904170176597,9.95270421388462,"2",-0.126131405288211,-0.730486119931766,96.551815112093,0,"AACTCAGAGTACGCGA-1"
"AACTCAGAGTTGAGTA-1",-4.49698697639344,-1.38051324354251,-0.107084454020962,"test2",66,121,14,3.72430992822279,3.63433831453182,-11.6937362348993,"1",2.76221448278614,3.71495450180393,417.014536402075,0,"AACTCAGAGTTGAGTA-1"
"AACTCAGCAATCCAAC-1",2.75130721828686,1.69064862133376,-1.54840358580292,"test2",71,81,33,-7.79714463589907,-0.196539375428316,1.90834924819486,"3",-0.803392037014881,-2.26618197896812,52.4674198941355,0,"AACTCAGCAATCCAAC-1"
"AACTCAGCACGGTTTA-1",-5.34492064311772,0.876636595125254,1.50671870540678,"test2",36,46,21,6.64053520791043,-2.93137886514703,-7.38789400109493,"4",-0.490478040758007,2.34223811290205,182.348024958961,0,"AACTCAGCACGGTTTA-1"
"AACTCAGCATCACGTA-1",-1.09399391391629,3.63066180376831,0.936650404997078,"test2",17,25,27,1.84304000896382,-6.64003849340286,-2.17279413872692,"4",-1.64948940330658,0.121441527075968,326.997464565759,0,"AACTCAGCATCACGTA-1"
"AACTCAGCATCCAACA-1",-6.66274864234806,-2.77990731429429,-1.39270625315213,"test2",44,97,6,4.94119103908222,0.515194465038501,-12.1627059712119,"1",2.65656399403993,3.74139929321331,499.419796241084,0,"AACTCAGCATCCAACA-1"
"AACTCAGCATGACGGA-1",0.705194183703318,-0.130328665636606,-0.0368323103146487,"test2",47,54,7,-0.248410965201899,1.17103527008069,-0.796300750457208,"3",0.184987644021759,0.689903396937333,157.402259682406,0,"AACTCAGCATGACGGA-1"
"AACTCAGCATTGGCGC-1",2.29333563362397,5.6872045589667,-2.0575191210338,"test2",27,30,37,-2.99239384531172,-3.95605938245461,-1.14406433658665,"4",-1.83443809725876,-1.77644187210315,184.809238528292,0,"AACTCAGCATTGGCGC-1"
"AACTCAGGTCATATCG-1",2.02687311402546,-7.39557305398812,-5.5267651730669,"test2",64,67,35,-0.306343844414959,5.65969645643751,-3.4438551124177,"3",-0.251990143074149,-1.08535592358854,85.1825679055308,0,"AACTCAGGTCATATCG-1"
"AACTCAGGTCTCCACT-1",3.28875506792816,3.01097559001389,-0.590431048666757,"test2",66,75,32,-2.94655159372317,1.48449822405128,3.07934563489157,"4",-0.859369050705587,-0.255046296775121,57.0766731467252,0,"AACTCAGGTCTCCACT-1"
"AACTCAGGTGTGAAAT-1",-0.743921497247768,0.445287091753771,5.01189348935519,"test2",37,46,17,0.966064054039833,-5.26888916651002,8.33650835517511,"2",-1.67262440298234,0.0482492731877547,182.295776116391,0,"AACTCAGGTGTGAAAT-1"
"AACTCAGGTTTGTGTG-1",-3.99612182034537,4.46097802003483,0.745116058670487,"test2",12,14,32,2.56323839929798,-5.67786785144583,-2.95248175872834,"4",-0.924007737988467,2.27044465084249,292.18075149331,0,"AACTCAGGTTTGTGTG-1"
"AACTCAGTCAATACCG-1",3.12346764729323,2.51860884782318,-1.84576949645801,"test2",77,84,27,-4.65785875642456,1.1457259873828,3.6078596429717,"3",0.123141754312994,-2.01026259813535,85.1678720001617,0,"AACTCAGTCAATACCG-1"
"AACTCAGTCCAAAGTC-1",-3.05029197841773,-1.26389066812722,0.211009985206972,"test2",82,120,19,2.61371693426061,3.23878483677867,-9.75475157219634,"1",1.85742341428447,3.02337571010156,314.425306791385,0,"AACTCAGTCCAAAGTC-1"
"AACTCAGTCGTTGCCT-1",-2.65929069886671,3.19462649983895,-1.49043981379252,"test2",21,24,27,0.922814397047033,-4.70675914321394,-1.82361351858397,"4",-1.40326696298262,0.72569898048785,285.402218862248,0,"AACTCAGTCGTTGCCT-1"
"AACTCAGTCTCAAGTG-1",2.56344447768472,-2.83582783347658,4.4114487720309,"test2",97,104,14,0.197582549546033,-3.27309278442782,10.6793672165417,"2",0.436442404844337,-0.803034690379206,27.4807364221069,0,"AACTCAGTCTCAAGTG-1"
"AACTCAGTCTGTCTCG-1",-6.7746335988481,-24.7489229510594,-19.6244682774832,"test2",34,42,4,-0.115282169932302,6.09892125321664,-3.71035377698973,"1",0.505674490776718,1.56426635485754,101.061527781875,0,"AACTCAGTCTGTCTCG-1"
"AACTCAGTCTTGACGA-1",-3.46320307028655,-1.00865267732686,0.288124111065051,"test2",79,97,11,2.67609768785121,1.51579137841041,-10.3498655126531,"1",1.42479024254377,2.23480332167654,203.210573057239,0,"AACTCAGTCTTGACGA-1"
"AACTCAGTCTTGCCGT-1",-5.39639096777433,1.44245889036718,-1.11268236108828,"test2",31,59,17,6.00920996687343,-1.32808647677883,-9.24372670722019,"4",2.82345916781723,3.96254352524979,528.975097738338,0,"AACTCAGTCTTGCCGT-1"
"AACTCCCAGAGCCTAG-1",3.34262016136768,-0.814442236615733,2.2940348948659,"test2",95,101,14,-1.69416485755933,-1.34101183729826,9.62185119856738,"2",0.181834729269343,-1.10957771924537,42.5029036511245,0,"AACTCCCAGAGCCTAG-1"
"AACTCCCAGAGGTACC-1",-1.1053751784145,3.32692058604459,2.01331892726525,"test2",29,33,33,2.63698460841547,-7.79388306567313,-2.0014209542104,"4",-1.19123528466646,-0.592980550150156,169.777795173026,0,"AACTCCCAGAGGTACC-1"
"AACTCCCAGCGTTGCC-1",-1.72765945073948,1.08147947718422,-0.047190797970396,"test2",53,72,9,5.40717553335868,3.82162575754253,-6.05246181752608,"4",-0.648245874420626,2.32836206965671,155.755228306158,0,"AACTCCCAGCGTTGCC-1"
"AACTCCCAGGCAGTCA-1",2.06760914082933,0.856567337989136,-1.88716087475232,"test2",81,83,31,-5.19129067689024,1.49983153716275,4.64767005584277,"3",-0.571978931226034,-1.83052757416277,68.907487654448,0,"AACTCCCAGGCAGTCA-1"
"AACTCCCAGGTGCACA-1",3.49658585629002,-0.471326659788472,-1.36174283100721,"test2",74,76,30,-6.48017127812214,-0.326289035524167,8.03660357852913,"3",-0.305711035906054,-0.993319908061281,93.571289236149,0,"AACTCCCAGGTGCACA-1"
"AACTCCCCAATCTGCA-1",-4.0613595061217,-1.29359670039343,-0.363474921739242,"test2",80,103,10,4.57748607714984,1.62389215388112,-9.22655381834134,"1",1.4398045901996,2.74355006496653,286.109216507369,0,"AACTCCCCAATCTGCA-1"
"AACTCCCCACAGATTC-1",-0.426667230423361,3.07935652382486,-0.680598901840659,"test2",28,29,30,1.05115469802477,-4.1595850516469,-0.384005539947688,"4",-0.141139925292403,-0.81987018284769,97.819200961893,0,"AACTCCCCACAGATTC-1"
"AACTCCCCAGTATAAG-1",-4.74342594659759,1.32583593676198,0.909314829821857,"test2",44,73,13,6.58249335261674,-1.88742978661952,-6.74462031013576,"4",-1.02090488436777,2.2235799802212,245.603103986839,0,"AACTCCCCAGTATAAG-1"
"AACTCCCCATGCAATC-1",0.775848460523554,-1.0950415062992,2.5912982637779,"test2",89,102,21,-0.128961948623397,-1.92507731091983,6.19481371774565,"2",-1.09179051920273,-0.486710396018057,125.06541039513,0,"AACTCCCCATGCAATC-1"
"AACTCCCCATGTTGAC-1",-4.06893207051919,-1.25634911538104,-0.516301237464245,"test2",68,92,18,5.53030422956353,2.96344468683265,-11.7768819064234,"1",1.63159188758495,2.40435634661209,260.395969198308,0,"AACTCCCCATGTTGAC-1"
"AACTCCCGTAGAGTGC-1",2.1066935456973,0.0568953569129587,2.62600181482242,"test2",67,76,15,-2.1920262295415,-2.7629140350551,8.29500757792106,"2",0.295861572098536,-1.07936921284343,74.9494108373259,0,"AACTCCCGTAGAGTGC-1"
"AACTCCCGTCATTAGC-1",-1.14883721810774,6.82945801764547,-1.5223582655749,"test2",15,16,33,-1.31339137018155,-6.71179093450065,-2.93977603177696,"4",-1.71462245092601,-2.49033188642628,169.925001442312,0,"AACTCCCGTCATTAGC-1"
"AACTCCCGTCGGATCC-1",2.14041356584436,-1.80683029679203,3.47798442708711,"test2",103,111,17,0.348157030396882,-4.54981267226923,9.17279096535106,"2",0.195370553782294,-0.72569919920078,64.5802631875758,0,"AACTCCCGTCGGATCC-1"
"AACTCCCGTGCAACGA-1",-1.78428823274289,4.67590893056392,0.0883985166161542,"test2",18,20,36,1.20405143511677,-7.97157768995251,-3.24326915206262,"4",-1.57432090046979,-0.0615756588019294,207.892851641333,0,"AACTCCCGTGCAACGA-1"
"AACTCCCGTGCACTTA-1",6.39004460524659,0.646906696405766,0.543212268377674,"test2",60,61,35,1.80092852038779,3.95504384183348,7.66504385151475,"3",0.0405556325391614,-1.36986958419227,23.458972823989,0,"AACTCCCGTGCACTTA-1"
"AACTCCCGTTAAGACA-1",2.55662730704888,2.32454111657987,-6.3719431215644,"test2",43,52,30,-8.97733576869678,2.24006247574684,-1.41720189156165,"3",-1.31703424856796,-2.002767466024,80.9199953835675,0,"AACTCCCGTTAAGACA-1"
"AACTCCCGTTAGTGGG-1",2.3784085129592,0.43179208890871,-2.62691277892759,"test2",68,76,36,-8.30870103540572,2.00332414742875,-0.202837496422706,"3",0.163027051632764,-1.94209209422918,93.8084380886417,0,"AACTCCCGTTAGTGGG-1"
"AACTCCCTCGACGGAA-1",2.58205101762768,1.90931007075752,-2.61270797074082,"test2",69,76,32,-5.69189242062746,1.06806885596211,1.93144465367609,"3",-1.41136198156263,-2.68977563826773,110.781516692355,0,"AACTCCCTCGACGGAA-1"
"AACTCCCTCTGCTTGC-1",0.433292104923462,4.00050658821306,-1.15049365234748,"test2",23,25,27,-2.4810441121389,-4.75517754573244,-1.52297583177937,"4",-0.761246255897006,-2.75189844800296,111.031312388744,0,"AACTCCCTCTGCTTGC-1"
"AACTCCCTCTTGCATT-1",6.16281328356554,-0.109629498120462,-5.67636869047008,"test2",61,65,33,-8.7567097784117,3.54851083167851,6.71613404674795,"3",-1.22363883081229,-1.83384215814468,86.1566437497145,0,"AACTCCCTCTTGCATT-1"
"AACTCTTAGATGTGGC-1",2.26100624674534,-0.614421043064652,1.59622587702344,"test2",74,84,20,-0.851317065690998,-3.78944830010635,6.30319465080442,"3",-0.8747480476328,0.401707998238405,117.56303490552,0,"AACTCTTAGATGTGGC-1"
"AACTCTTAGCGATCCC-1",0.723510029622493,0.0877137103493617,-1.32680042129591,"test2",71,78,29,-1.22396042961067,-0.424894003786568,2.31668220297269,"3",0.309476214105436,-2.43995884596109,91.2048426520855,0,"AACTCTTAGCGATCCC-1"
"AACTCTTAGGTCATCT-1",-6.19394790224578,-0.101894944739845,0.250435316458886,"test2",47,70,14,6.83606847956738,0.90032060326624,-9.78570454657113,"1",1.8278167096244,2.91641197372187,337.673648544548,0,"AACTCTTAGGTCATCT-1"
"AACTCTTAGTCACGCC-1",1.96851783081457,2.73646331479148,-3.95156445447499,"test2",54,59,33,-6.20084304697911,1.73656865265068,1.4674559329997,"3",0.358172355358341,-2.1798057556667,48.0942882010449,0,"AACTCTTAGTCACGCC-1"
"AACTCTTAGTGTACTC-1",4.6172850089317,-0.222447366813166,-2.78096221577671,"test2",66,73,29,-9.30013085149347,3.08890980411859,0.180496656044303,"3",-0.0912446147896948,-2.27535524061228,97.3605680614334,0,"AACTCTTAGTGTACTC-1"
"AACTCTTAGTTCCACA-1",3.37846576079305,-1.61145054184214,-2.55039639049235,"test2",59,60,37,-5.97815322169748,6.50135332103357,6.99331999601526,"3",-0.57779628432202,-0.924909623589721,23.8467419543677,0,"AACTCTTAGTTCCACA-1"
"AACTCTTAGTTTCCTT-1",-1.75386348763934,1.96468954407379,0.124540450500105,"test2",33,44,30,1.91592106132362,-2.68317237945405,-0.446131647610956,"4",1.49583487118728,2.70778989898468,379.975685584254,0,"AACTCTTAGTTTCCTT-1"
"AACTCTTCAAAGGAAG-1",1.99763013033168,-0.813131696064708,-1.68802994369457,"test2",70,77,30,-5.78151836468155,2.1580335249358,5.08135880785651,"3",-0.997508163332697,-2.15631942834166,91.6791403570702,0,"AACTCTTCAAAGGAAG-1"
"AACTCTTCAGATCTGT-1",-5.55978034926955,1.83559142321448,0.346366816023025,"test2",31,35,18,5.5643039180689,-2.90968551839851,-8.78909160016468,"4",-0.0159243738970836,1.02649783676708,120.812333181329,0,"AACTCTTCAGATCTGT-1"
"AACTCTTCAGTATGCT-1",-2.96719325823711,-1.6627812598838,1.21568485426056,"test2",74,120,15,2.4595488105356,3.76381430356421,-11.3109273041872,"1",1.78476631803628,2.72086834124982,325.542768157266,0,"AACTCTTCAGTATGCT-1"
"AACTCTTCAGTGGAGT-1",-2.59489542398403,-0.749355135057045,-0.933764129762715,"test2",109,137,14,4.75643230658103,3.74533469471919,-8.63278014073514,"1",1.45724944400627,2.35278433259795,205.781568792103,0,"AACTCTTCAGTGGAGT-1"
"AACTCTTCATGGTCTA-1",-3.76966409171359,-0.743632002497817,0.767808278131295,"test2",78,113,14,3.60526997995237,1.01993034831141,-9.41151438264577,"1",1.7379834674991,2.54709269542319,297.318439140757,0,"AACTCTTCATGGTCTA-1"
"AACTCTTGTCGATTGT-1",-5.30480478919108,-1.37096397697282,-0.149961313389389,"test2",53,88,17,5.24636772403113,0.40742412927912,-9.99361853685236,"1",2.00022543842117,3.03012114829997,317.239930236292,0,"AACTCTTGTCGATTGT-1"
"AACTCTTGTTATCCGA-1",-3.68046310839051,-1.80478568200747,-0.813740588338852,"test2",67,109,4,3.71654083075015,2.88973478779108,-9.42454833027238,"1",2.6659790634688,3.93868221221462,411.194568500576,0,"AACTCTTGTTATCCGA-1"
"AACTCTTTCAACACAC-1",0.794890565638121,-1.73312031434431,1.69376961630312,"test2",102,117,14,-0.737675174225301,-1.79647206264233,6.44508950352872,"2",-0.108847538638937,-0.346345413753102,60.7768474696268,0,"AACTCTTTCAACACAC-1"
"AACTCTTTCAGGCAAG-1",3.27864121309183,0.265413823358275,-3.74028931166199,"test2",56,61,26,-10.2698214124445,-1.08389975785201,4.04042713098828,"3",-0.930532091106236,-1.20801064689325,138.548421113546,0,"AACTCTTTCAGGCAAG-1"
"AACTCTTTCCCGGATG-1",-4.41025488504061,-0.441838297608319,-0.248230501851532,"test2",54,110,11,6.46528174226574,2.89086381180639,-10.3185502933031,"1",2.71842677979325,3.84102491959754,487.152321641829,0,"AACTCTTTCCCGGATG-1"
"AACTCTTTCCGCGGTA-1",2.45262258186429,0.357568261785159,0.906158756782887,"test2",56,60,38,-3.14885561027702,4.37005282283366,8.36540556507319,"3",-0.235098070647777,-1.70011755616217,71.1524567327245,0,"AACTCTTTCCGCGGTA-1"
"AACTCTTTCTCAAACG-1",-0.204043634580436,2.54932183023808,0.686505883729449,"test2",32,39,25,0.929400104355405,-1.60599820890256,1.10263585059681,"4",-1.02402933803315,-0.0166368197511912,179.064989672347,0,"AACTCTTTCTCAAACG-1"
"AACTGGTAGATGTTAG-1",-3.87220479632438,-1.3215301291722,-0.91857311903599,"test2",74,132,11,5.00829147681337,3.49858080151146,-10.9057929120358,"1",2.59866535441923,3.81783743150278,413.026904271744,0,"AACTGGTAGATGTTAG-1"
"AACTGGTAGCAATCTC-1",1.59375614687551,-4.17637095626574,4.1808722249398,"test2",108,120,24,-0.0736266472344533,-4.81422103207095,10.4788414257272,"2",-0.315945945532645,-1.48351444169328,71.4432933511648,0,"AACTGGTAGCAATCTC-1"
"AACTGGTAGCCAGTAG-1",-0.329292755420497,0.745823738384601,2.52678736984902,"test2",64,86,18,1.88858362714885,-2.49006566002474,2.22254573165459,"4",-1.61296380648818,-0.466077400107533,178.827086851513,0,"AACTGGTAGCCAGTAG-1"
"AACTGGTAGCCCAGCT-1",-2.679877352425,-1.08701786702281,-1.29989058737644,"test2",72,108,20,5.23484693693974,5.05240000025342,-12.0961263186101,"1",2.05213129898222,3.07898931764002,396.833400785521,0,"AACTGGTAGCCCAGCT-1"
"AACTGGTAGTGATCGG-1",3.3655672446836,-0.145211681803889,7.54853514254583,"test2",35,39,24,-6.88459118661395,-1.29817106743524,8.76259372298541,"3",-0.147260844753454,-0.201065245552551,108.675661780949,0,"AACTGGTAGTGATCGG-1"
"AACTGGTCACATCCGG-1",4.42733982481462,-1.24711885645504,-0.0942250649187073,"test2",71,72,35,-1.49772478647753,5.60660113233469,2.74774031627182,"3",0.14196305432767,-1.66391364148538,39.7991148754096,0,"AACTGGTCACATCCGG-1"
"AACTGGTCACATTCGA-1",-1.35248453997283,5.19531912350041,-2.8499343095425,"test2",14,17,30,-0.520771365145521,-5.31383232758054,-1.68126813370292,"4",-1.87462374847246,-2.60762936802803,234.465253637023,0,"AACTGGTCACATTCGA-1"
"AACTGGTCATCTATGG-1",2.28152911307933,0.995833572350561,-4.19441096070462,"test2",73,78,37,-6.43877541049667,1.88341855986791,3.00170126901603,"3",-0.208117262690569,-2.11165816857847,73.2829346548229,0,"AACTGGTCATCTATGG-1"
"AACTGGTGTGTGTGCC-1",-0.218332507865961,-3.47220283095292,0.807921259593999,"test2",72,93,19,-0.337372139370967,4.12849628159214,-5.55804887604833,"2",0.3642499242181,-0.413254205887098,76.1840716487022,0,"AACTGGTGTGTGTGCC-1"
"AACTGGTGTTCAGCGC-1",-3.69883058457296,-1.72184934761409,-0.476776808961274,"test2",65,111,16,3.43048561501198,0.264135409008072,-9.91139230786224,"1",1.96193547285067,3.14886494639895,375.191843185203,0,"AACTGGTGTTCAGCGC-1"
"AACTGGTGTTCGCGAC-1",3.79834738586175,1.56545634896101,-2.28194220994801,"test2",63,72,38,-6.02395405902018,4.03358727404888,2.89704622388979,"4",-1.97773892028898,-1.87138497486049,153.755304172495,0,"AACTGGTGTTCGCGAC-1"
"AACTGGTTCATTGCGA-1",1.80547652148221,-1.46179730467178,-0.166739446721546,"test2",112,124,17,-1.069243133908,0.32535980467885,5.26224848768271,"3",0.0499727219403479,-0.9563672066234,80.4752770013778,0,"AACTGGTTCATTGCGA-1"
